/*
SQLyog Ultimate v12.09 (64 bit)
MySQL - 5.6.39 : Database - guoyurenli_theofficialwebsite
*********************************************************************
*/

/*!40101 SET NAMES utf8 */;

/*!40101 SET SQL_MODE=''*/;

/*!40014 SET @OLD_UNIQUE_CHECKS=@@UNIQUE_CHECKS, UNIQUE_CHECKS=0 */;
/*!40014 SET @OLD_FOREIGN_KEY_CHECKS=@@FOREIGN_KEY_CHECKS, FOREIGN_KEY_CHECKS=0 */;
/*!40101 SET @OLD_SQL_MODE=@@SQL_MODE, SQL_MODE='NO_AUTO_VALUE_ON_ZERO' */;
/*!40111 SET @OLD_SQL_NOTES=@@SQL_NOTES, SQL_NOTES=0 */;
CREATE DATABASE /*!32312 IF NOT EXISTS*/`guoyurenli_theofficialwebsite` /*!40100 DEFAULT CHARACTER SET utf8 */;

USE `guoyurenli_theofficialwebsite`;

/*Table structure for table `gy_factory` */

DROP TABLE IF EXISTS `gy_factory`;

CREATE TABLE `gy_factory` (
  `id` int(11) NOT NULL AUTO_INCREMENT COMMENT 'ID',
  `creator` int(11) DEFAULT NULL COMMENT '发布者',
  `title` varchar(30) DEFAULT NULL COMMENT '公司名称',
  `nature` int(11) DEFAULT NULL COMMENT '公司性质',
  `address` varchar(100) DEFAULT NULL COMMENT '公司地址',
  `content` text COMMENT '公司介绍',
  `attribute` tinyint(4) DEFAULT NULL COMMENT '是否是信产',
  `timecreate` date DEFAULT NULL COMMENT '创建时间',
  `storePath` varchar(80) DEFAULT NULL COMMENT '文件存储路径，招聘简章',
  `realName` varchar(80) DEFAULT NULL COMMENT '文件原名字',
  `guid` varchar(80) DEFAULT NULL COMMENT '文件的新名字',
  `suffix` varchar(10) DEFAULT NULL COMMENT '后缀名',
  `topflag` tinyint(1) DEFAULT '0' COMMENT '置顶？',
  `banflag` tinyint(1) DEFAULT '0' COMMENT '加精？',
  `delflag` tinyint(1) DEFAULT '0' COMMENT '删除？',
  `price` int(11) DEFAULT '0' COMMENT '返费价格',
  `expiration` int(11) DEFAULT '0' COMMENT '返费时间（../天）',
  `remarks` varchar(200) DEFAULT NULL COMMENT '返费相关备份',
  `timeupdata` datetime DEFAULT NULL COMMENT '最近更新',
  PRIMARY KEY (`id`)
) ENGINE=InnoDB AUTO_INCREMENT=31 DEFAULT CHARSET=utf8;

/*Data for the table `gy_factory` */

LOCK TABLES `gy_factory` WRITE;

insert  into `gy_factory`(`id`,`creator`,`title`,`nature`,`address`,`content`,`attribute`,`timecreate`,`storePath`,`realName`,`guid`,`suffix`,`topflag`,`banflag`,`delflag`,`price`,`expiration`,`remarks`,`timeupdata`) values (1,2,'浙江丹鸟物流科技有限公司',NULL,'浙江省杭州市江干区九环路63号2幢A座4楼420室','丹鸟： ›› 丹鸟是由菜鸟联合多家落地配公司共同推出的全新服务品牌，专注于提供优质的区域性、本地化配送服务，致力于做具有极致体验的本地生活物流服务商。 ›› 丹鸟通过技术手段和智能算法，对全国落地配网络进行升级，为商家提供运输、配送、客服、售后的综合物流解决方案，进一步提升商家的物流效率和消费者的物流体验。 产品及服务： 服务模式：B2C仓到门模式、B2b配送上门模式、O2O即时配送模式 时效产品：当日达、次日达、次晨达、隔日达',0,'2020-08-03','c:\\guoyufile\\factory','','15964345781384','',1,1,0,3000,30,'这是个啥啊，我操，哈哈哈我爱你,很爱你,woaini','2020-11-22 23:56:34'),(2,2,'顺丰速运有限公司',NULL,'深圳市宝安区航城街道草围社区深圳机场航站四路1111号顺丰华南转运中心综合楼三层、四层','顺丰速运有限公司,成立日期:2013年07月25日,创建于深圳市,经营范围:一般经营项目是：国际货运代理；经济技术咨询；技术信息咨询；以特许经营方式从事商业活动；经营进出口业务；机械设备租赁（不配备操作人员的机械设备租赁，不包括金融租赁活动）；汽车租赁（不包括带操作人员的汽车出租）；房屋租赁业务；商务服务、商务代理；过境货物运输代理（国际多式联运）；3C产品检测、维修服务。（法律、行政法规或者国务院决定禁止和规定在登记前须经批准的项目除外），许可经营项目是：国内、国际快递（邮政企业专营业务除外）；普通货运；货物专用运输（集装箱），大型物件运输；仓储服务。,企业注册地址:深圳市宝安区航城街道草围社区深圳机场航站四路1111号顺丰华南转运中心综合楼三层、四层;诚挚邀请您的加入！',0,'2020-08-03','c:\\guoyufile\\factory','','15964350881205','',1,0,0,1500,30,'22','2020-11-22 23:56:40'),(3,2,'中信银行股份有限公司信用卡中心',NULL,'深圳市福田区福田街道福华一路121号中信银行大厦','中信银行信用卡中心是中信银行总行在深圳设立的对信用卡业务进行统一管理、集中操作、独立核算的业务部门，属中信银行总行一级部门，是中信银行信用卡业务全国总部。2007年12月，经中国银监会批准成为国内同行业为数不多的几家分行级信用卡专营机构之一，业务范围包括办理本外币信用卡的发卡业务；办理信用卡项下的本外币贷款、结算、结汇和结汇、外汇兑换业务；代理国外金融机构和国际组织的信用卡的发卡、付款及资金清算业务。 中信银行信用卡自2003年底正式发卡以来，特别是2006年以来的近四年时间里，紧紧围绕“建立世界级信用卡中心”的战略目标，以“获取零售基础客户、树立中信零售品牌、成为中信银行利润增长点、建设中高端客户服务体系”为经营定位，牢牢把握“树品牌、搭平台、创管理”三大抓手，推动业务实现效益、质量、规模的协调发展，努力培育经营特色和管理优势，迈入了持续盈利的发展新阶段，成为推动中国信用卡事业发展的一支重要力量。 截至2009年底，中信银行信用卡中心历史累计发卡数量突破930万张，年交易额近800亿元，员工总数约5000人，平均年龄27岁，大专以上学历占比为88%。经过近几年又好又快发展，中信银行信用卡中心市场份额稳步提升，发卡规模和未清偿贷款余额在中小商业银行中名列三甲，并成为国内以最短的时间和最少的资本投入进入盈利周期的信用卡中心，不良贷款比例和损失率处于同业较低水平。此外，以客户服务能力建设为核心的后台营运体系、以地区营销服务中心建设为核心的销售体系、以盈利能力建设为核心的业务经营体系等方面，已经初步形成了具有中信银行特色的核心竞争力，成为最具竞争力的股份制商业银行信用卡中心之一。 一直以来，中信银行信用卡中心坚持服务创造价值的理念，在行业和客户中间形成了广泛影响，先后多次荣获亚太地区***呼叫中心、最受女性喜爱信用卡品牌、***商旅信用卡、哈佛《商业评论》管理行动奖金奖等多项行业殊荣。',0,'2020-08-03','c:\\guoyufile\\factory','','15964352064316','',0,0,0,3456789,200,'打卡30天返费1200，打卡60天返费1200，打卡90天返费1200','2020-11-21 01:07:35'),(4,2,'德邦物流股份有限公司',NULL,'上海市青浦区徐泾镇徐祥路316号1幢','德邦快递简介 德邦快递成立于1996年，致力成为以客户为中心，覆盖快递、快运、整车、仓储与供应链、跨境等多元业务的综合性物流供应商。我们凭借坚实的网络基础、强大的人才储备、深刻的市场洞悉，为跨行业的客户创造多元、灵活、高效的物流选择，让物流赋予企业更大的商业价值，赋予消费者更卓越的体验。德邦快递始终紧随客户需求而持续创新，坚持自营门店与事业合伙人相结合的网络拓展模式，搭建优选线路，优化运力成本，为客户提供快速高效、便捷及时、安全可靠的服务。截至2018年8月，公司网点10000余家，服务网络覆盖全国34个省级行政区，全国转运中心总面积130万余平方米。目前，我们正从国际快递、跨境电商、国际货代三大方向切入港澳台及国际市场，已开通港澳台地区以及美国、欧洲、日韩、东南亚、非洲等国家线路。全球员工人数超过13万名。 2018年1月16日，德邦快递在上海证券交易所挂牌上市，正式登陆A股资本市场，简称“德邦股份”，股票代码603056。 优质服务 以标准化的服务引领行业，通过统一的车体形象、店面形象、员工形象和操作标准，让您全方位体验到德邦快递始终如一的专业服务。 根据客户的不同需求，通过定制化的创新为各行业客户提供代收货款、签单返回、保价运输、安全包装等增值服务。 安全质量 通过FOSS、PDA、CRM、官网平台、APP等系统，实现营运端到端的透明化管理，多样化智能侦测和手机实时查看。 建立以人员优化、日常管理、车辆保障、线路风险预防等方面的车辆安全防控体系，长短途百万公里事故率呈逐年下降趋势，在同行业中一直保持较好的水平。 信息化管理 信息化是现代物流发展的必由之路，也是德邦精细化管理的重点。目前，公司旗下的德邦科技拥有121个IT系统、40个IT项目、5个开发平台。每年投入超过3亿，未来将继续加大IT资源投入，让物流插上科技的翅膀。 德邦人才 校园招聘：2006年在同行业最早启动校园招聘以来，十二年累计招聘1万余名本硕博应届毕业生；2012-2017年连续6年荣获中国年度最佳雇主。 选拔体系：为能者提供一个开放透明的竞争平台。德邦快递拥有独特的人才培训选拔体系，以个人能力为核心，公平公开公正。 激励制度：以进取者为本，以业绩为核心。德邦不断优化绩效考核，使资源向绩优者倾斜，激励员工专注提升客户服务体验。 借力咨询 2011年至今德邦陆续引入了IBM、麦肯锡、埃森哲、美世、贝恩、里斯等多家国际顶尖咨询公司，共开展项目96个，总投入超过5亿，在战略规划与设计、管理体系、新业务研究、信息化建设、流程优化、成本管控等方面展开合作，为德邦发展出谋划策，保驾护航。',0,'2020-08-03','c:\\guoyufile\\factory','','15964353449377','',0,0,0,324234,1,'hahahah','2020-09-30 20:58:10'),(5,2,'永旺幻想（中国）儿童游乐有限公司',NULL,'北京市昌平区北清路1号220C区域','永旺幻想（中国）儿童游乐有限公司成立于2007年9月24日，是日本永旺幻想集团旗下的全资子公司。其注册资金为45.7亿日元，法定代表人为：藤原信幸。2008年在北京市昌平区北清路开设了第一家店铺——莫莉幻想北京国际商城店。现已在黑龙江、吉林、辽宁、北京、天津、河北、山东、江苏、浙江、上海、湖北、安徽、广东、重庆、成都等地开设了145家店铺（截止到2016年6月30日）。公司计划在2020年底，在全国范围内开设400家店铺。 永旺幻想（中国）儿童游乐有限公司旗下店铺以莫莉幻想为主要品牌，在大型购物中心内面向12岁以下儿童及其家人开设的大型室内儿童游乐园，以森林和家人交流为主题，向儿童和家长们提供寓教于乐、寓乐于学、安全放心、尽情游乐的场所。店铺以莫莉森林为装修背景，环境新颖独特，深受小朋友喜爱的儿童游乐机器大部分源自日本。莫莉乐园、亲子园等亲子活动设施内有各类益智玩具供小朋友们游玩的同时，还有我们的卡通人物拉啦和小朋友们一起做各种亲子互动游戏。 永旺幻想（中国）儿童游乐有限公司求创新、求创意，不断满足儿童和家长们的多样化需求，为广大儿童和家长提供专业化的新型游乐空间。 公司总部地址：北京市朝阳区建国路乙118号 京汇大厦508室',0,'2020-08-03','c:\\guoyufile\\factory','','15964354442238','',0,0,0,0,0,NULL,'2020-09-30 20:58:06'),(6,2,'圆通速递有限公司',NULL,'上海市青浦区华新镇华徐公路3029弄18号','上海圆通物流公司，目前在全国建立了8大管理区、64个转运中心、6000余个派送网点，拥有12万余名员工，服务范围覆盖国内1600余个城市，通达包括港、澳、台地区在内的全球200余个国家和地区，航空运输通达城市达70余个。业务范围遍及全国31个省（自治区、直辖市）的所有市县乡（镇），营业网点超过4.5万个。圆通速递有限公司成立于2000年5月28日。在喻渭蛟董事长的带领下，经过十二余年的努力拼搏和发展，现已成长为一家集快递、电子商务、印务、仓储、物流等全面服务于一体，综合实力位居国内快递物流企业前三甲的大型集团公司，并形成了集团化、网络化、规模化、品牌化经营的新格局。 圆通公司致力于开拓和发展国际、国内快递、物流市场。服务涵盖报关、报检、海运、空运进出口货物的运输服务；中转、国际国内的多式联运；分拨、仓储及特种运输等一系列的专业物流服务；并可以量身制定、策划物流方案。 圆通使命”的服务宗旨，以“超越自我，创民族品牌”为目标；以“诚信服务，开拓创新”为经营理念。公司于2005年10月通过ISO9001；2000质量管理体系认证，并成为2005年度“中国行业十大影响力品牌”之一，被授予“中国物流行业协会副会长单位”。',0,'2020-08-03','c:\\guoyufile\\factory','','15964354804109','',0,0,0,0,0,NULL,'2020-11-21 02:01:30'),(7,2,'广东钻石世家国际珠宝有限公司',NULL,'东莞市南城区亨美元美路华凯广场B座20层','1 钻石世家在中国 编辑本段 ShiningHouse钻石世家致力在全球范围传递高品质钻石及其文化，向消费者展现最卓越设计与钻饰、一流的品牌形象、专属体验式服务，用诚恳的态度实践珠宝艺术理念。 ShiningHouse钻石世家与南非、以色列、比利时等地钻石经营伙伴建立了合作关系，是戴比尔斯集团(DE BEERS GROUP)、比利时钻石高层议会(HRD)、美国宝石学院(GIA)、国际铂金协会(PT)的重要合作伙伴。在中国，目前已在30多个一、二线重点城市开设了近200家直营店，并在比利时安特卫普设立分支机构;业务拓展到远东、香港、新加坡、马来西亚等地区。 2 领先业界的品牌典范 编辑本段 凭借在业界的重大影响及消费者中良好的口碑，Shining House钻石世家先后获得“中国500最具价值品牌”、“中国珠宝行业TOP10”、“中国珠宝首饰行业驰名品牌”、“中国珠宝行业消费者最满意品牌”、“中国珠宝首饰行业最具影响力品牌”、“中国著名品牌”等奖项及荣誉称号。 3 创立全新动人传奇 编辑本段 高品质钻石、充满艺术想像力的设计及顾问式服务，使得ShiningHouse钻石世家在业界享有盛誉并获得极佳口碑，成为钻石零售行业规模最大、影响最为广泛的品牌之一。ShiningHouse钻石世家不仅代表高品种钻石，也具有强烈的艺术设计风格。无论是婚戒、吊坠、还是项链，都有独特的清新之风，充满雅致且极具现代感。以更时尚、更多元的手法描绘了不同文化、不同生活方式的时代气息。体现ShiningHouse钻石世家独特的魅力。 4 跨越世纪的浪漫传奇 编辑本段 一个半世纪以来，无数珠宝工匠用无上的智慧及对精湛工艺的执着，不断将珠宝铸造技艺推向新的巅峰，诞生一件件跨时代的巨作。在ShiningHouse钻石世家艺术中心，陈列着不同时代的艺术珠宝代表作品，记录这优秀工艺师使用的各种精妙绝伦的工具及珠宝制作工艺发展的悠长历史。今天，以制作珍贵钻饰见称的ShiningHouse钻石世家，延续百年来的精妙工艺，糅合创新理念，并采用顶级钻坯，创出备受推崇的珠宝艺术珍品。',0,'2020-08-03','c:\\guoyufile\\factory','','15964357090091','',0,0,0,0,0,NULL,'2020-09-30 20:28:10'),(8,2,'内蒙古西贝餐饮集团有限公司',NULL,'内蒙古巴彦淖尔市临河区胜利路华澳大酒店','西贝餐饮集团是一家以喜悦、干净、快速为服务理念的中式西北菜连锁企业。公司在1988年于内蒙古成立，本着“做健康，无添加”的经营宗旨，按照标准化、规范化科学化的运作模式运营和管理连锁餐厅。西贝2013年成功亮相联合国，浇汁筱面赢得关注及肯定，黄馍馍，手工空心挂面走进中国舌尖1、2.截止2019年1月份在全国有近四百家直营分店。欢迎广大求职者能加入西贝，与我们一起发展、壮大、实现个人的梦想，因为西贝，人生喜悦。',0,'2020-08-03','c:\\guoyufile\\factory','','15964357708012','',0,0,0,0,0,NULL,'2020-08-15 16:06:38'),(9,2,'北京五八到家信息技术有限公司',NULL,'北京市海淀区花园路5号5幢一层130','58到家集团是58集团、阿里巴巴、平安、腾讯和KKR联合投资，与信息分类品牌58同城并行的兄弟公司。2014年10月公司成立，截止到目前，公司估值超过20亿美金， 58速运、58家政单独估值超过10亿美金。 公司目前有三大业务，第一是家政服务，为客户提供保洁、保姆、月嫂等服务；第二是速运服务，为个人提供搬家等服务，为企业提供同城物流服务；第三是平台业务，类似于淘宝和京东，可以提供上门美甲、洗车、维修等服务；58到家是以提供专业、安心、便捷的标准化上门服务为核心的到家服务平台。 58到家是唯一一家实现全国性布局的生活服务O2O开放平台，我们在全国中东西部都已布局业务，目前在到家注册的劳动者已超过150万，服务家庭数超过2,000万家庭。 我们的价值是“客户第一，奋斗者为本”，我们的愿景是“为亿万家庭服务，解决千万人就业”，我们的使命是“让家庭更美好”。',0,'2020-08-03','c:\\guoyufile\\factory','','15964358031203','',0,0,0,0,0,NULL,'2020-09-30 20:31:02'),(10,2,'八马茶业股份有限公司',NULL,'深圳市罗湖区南湖街道东门南路华都园大厦7楼','八马茶业源于百年前名扬东南亚的\"信记\"茶行。是一家以经营安溪铁观音为主，提供全茶类的产品，明星产品为赛珍珠铁观音系列；同时经营绿茶、红茶、白茶、普洱、大红袍和花茶等各类茶叶产品以及茶具、茶食品等。 八马茶业是铁观音制茶专家，自设立以来始终专注于铁观音制茶技艺的不断提升。创始人之一王文礼是国家级非物质文化遗产安溪铁观音制作技艺代表性传承人，公司秉承创始人家族三百年种茶、制茶、售茶的深厚渊源，通过现代化的生产及管理体系将产品品质巩固和延续。八马茶业在全国拥有庞大的连锁销售网络，如今，八马全国连锁门店1500余家，覆盖华南、华东、华北等地区，规模在业内位居前列，并入驻众多国内知名连锁超市及一线购物广场。\r\n',0,'2020-08-03','c:\\guoyufile\\factory','','15964358318064','',0,0,0,0,0,NULL,'2020-08-14 16:23:05'),(11,2,'成都灵生配送服务有限公司',NULL,'成都市双流区东升街道吴家坝中街54号','成都灵生商贸有限公司创立于2015年8月，秉承以客户为中心，提供方便快捷的配送服务，公司以开拓创新、与时俱进的思想理念，不断刷新记录；2015年公司与美团正式成为战略合作伙伴，从一站式发展到目前旗下有4个代理城市及46个配送站点，遍布各大城市；员工从30人发展到了3000多人，高峰日配送单量达到80000单；灵生公司的理想是不断创新，创造更好的平台，为客户提供更好的服务，为员工提供更好的就业平台，实现客户、员工和公司的三赢！ 2017年荣获美团“2017年度外卖配送加盟商—最快进步奖”、”2017年卓越贡献奖“，公司的快速发展和取得的成就，取决于整个团队的共同努力及公司文化和实践行为的高度统一。公司自成立以来，始终坚持“以人为本，诚信立业”的经营理念，以一流的管理，一流的服务为宗旨，荟萃业界精英，结合市场的发展需求，提供全方位的解决方案，实现企业快速、稳定的发展。',0,'2020-08-03','c:\\guoyufile\\factory','','15964358755965','',0,0,0,0,0,NULL,'2020-08-14 16:23:05'),(12,2,'成都盛世优家房地产经纪有限公司',NULL,'成都市新都区三河街道曲景路666号观澜鹭岛8-1-5-02号','成都盛世优家房地产经纪有限公司，为直营性公司，公司主营为存量房，商品房等不动产销售服务，其中包括传统的存量房租赁、买卖过户和新盘代理、贷款、代办、法律咨询等。 盛世优家是经历风雨后重新创立的公司，由于公司发展方向及对员工的责任，创始人：张超锋先生，大胆破局，毅然而然放弃旧公司，旧制度，重新创立了全新的成都盛世优家房地产经纪有限公司 总经理说 “人要有危机意识才能有远见，只有思想+脚踏实地，方能有所成就” 盛世优家秉承以人为本，树立正确的价值观，完成个人理想，拥抱人生成就。培养经纪人敢想、敢做、敢担当、有社会责任感的人文环境，从而走出一条属于盛世优家家人们的持续发展之路，让每个人都能发挥出自己之所长成就于当下。 盛世优家从运营以来短短一年半在城北区域创造：单店，单日创佣百万业绩，单日单人单项目成交6套，创佣40万；单店自行组织50人以上看房团并取得良好战绩。 以上战绩只是开始，盛世优家起步3家门店，在2019年8月份，即将装修交付使用门店达到12家，给社会提供更多的工作岗位。 我们全体战友坚定不移的相信，只有学习和思考在加上不断的创新，方能不会被社会所淘汰，被行业所淘汰，被科技变化所淘汰。只有积极成长与时俱进才能让企业健康、良性发展。达到不断的壮大强大，成功的在行业中屹立。',0,'2020-08-03','c:\\guoyufile\\factory','','15964359032716','',0,0,0,0,0,NULL,'2020-08-14 16:23:05'),(13,2,'中国人寿保险股份有限公司广安市分公司',NULL,'广安市城南建安中路117号','中国人寿保险（集团）（简称中国人寿）是国有特大型金融保险企业公司；总部设立在北京，世界500强企业、中国品牌500强，属中央金融企业。 公司前身是成立于1949年的原中国人民保险公司，1996年分设为中保人寿保险有限公司，1999年更名为中国人寿保险公司。2003年，经国务院和原中国保险监督管理委员会批准，原中国人寿保险公司进行重组改制，变更为中国人寿保险（集团）公司。 中国人寿保险（集团）公司及其子公司构成了我国最大的国有金融保险集团，也是我国资本市场重要的机构投资者。业务范围全面涵盖寿险、财险、企业和职业年金、银行、基金、资产管理、财富管理、实业投资、海外业务等多个领域。',0,'2020-08-03','c:\\guoyufile\\factory','','15964359338657','',0,0,0,0,0,NULL,'2020-08-15 16:06:39'),(14,2,'北京三快在线科技有限公司',NULL,'北京市海淀区北四环西路9号2106-030','美团的使命是“帮大家吃得更好，生活更好”。作为中国领先的生活服务电子商务平台，公司拥有美团、大众点评、美团外卖等消费者熟知的App，服务涵盖餐饮、外卖、打车、共享单车、酒店旅游、电影、休闲娱乐等200多个品类，业务覆盖全国2800个县区市。截至2019年12月31日止十二个月，美团年度交易用户总数达4.5亿，平台活跃商户总数达620万，用户平均交易笔数为27.4笔。 2018年9月20日，美团点评（股票代码：3690.HK）正式在港交所挂牌上市。 截至2020年4月20日，市值超过700亿美元，位列中国上市互联网公司第3名，全球第8名。 当前，美团战略聚焦 Food +Platform，正以“吃”为核心，建设生活服务业从需求侧到供给侧的多层次科技服务平台。与此同时，美团正着力将自己建设成为一家社会企业，希望通过和党政部门、高校及研究院所、主流媒体、公益组织、生态伙伴等的深入合作，构建智慧城市，共创美好生活。\r\n',0,'2020-08-03','c:\\guoyufile\\factory','','15964408253951','',0,0,0,0,0,NULL,'2020-08-14 16:23:05'),(15,2,'北京五八到家信息技术有限公司',NULL,'北京市海淀区花园路5号5幢一层130','58到家集团是58集团、阿里巴巴、平安、腾讯和KKR联合投资，与信息分类品牌58同城并行的兄弟公司。2014年10月公司成立，截止到目前，公司估值超过20亿美金， 58速运、58家政单独估值超过10亿美金。 公司目前有三大业务，第一是家政服务，为客户提供保洁、保姆、月嫂等服务；第二是速运服务，为个人提供搬家等服务，为企业提供同城物流服务；第三是平台业务，类似于淘宝和京东，可以提供上门美甲、洗车、维修等服务；58到家是以提供专业、安心、便捷的标准化上门服务为核心的到家服务平台。 58到家是唯一一家实现全国性布局的生活服务O2O开放平台，我们在全国中东西部都已布局业务，目前在到家注册的劳动者已超过150万，服务家庭数超过2,000万家庭。 我们的价值是“客户第一，奋斗者为本”，我们的愿景是“为亿万家庭服务，解决千万人就业”，我们的使命是“让家庭更美好”。',1,'2020-08-03','c:\\guoyufile\\factory','','15964409005622','',0,0,0,0,0,NULL,'2020-08-14 16:23:05'),(16,2,'李宁（中国）体育用品有限公司',NULL,'北京市通州区中关村科技园区通州园光机电一体化产业基地兴光五街8号','李宁公司是中国家喻户晓的\"体操王子\"李宁先生在1990年创立的体育用品公司。经过二十多年的探索，李宁公司已逐步成为代表中国的、国际领先的运动品牌公司。从成立初期率先在全国建立特许专卖营销体系到持续多年赞助中国体育代表团参加国内外各种赛事；从成为国内第一家实施ERP的体育用品企业到不断进行品牌定位的调整，再到2004年6月在香港的上市，李宁公司经历了中国民族企业的发展与繁荣。 李宁公司拥有品牌营销、研发、设计、制造、经销及零售能力，产品主要包括自有李宁品牌生产的运动及休闲鞋类、服装、器材和配件产品。主要采用外包生产和特许分销商模式，在中国已经建立庞大的供应链管理体系以及分销和零售网络，截止2011年末，李宁品牌店铺在中国境内总数达到8255间，并且在东南亚、中亚、欧洲等地区开拓业务。 李宁公司还采取多品牌业务发展的策略，在聚焦自有核心李宁品牌的同时，还(i)与Aigle International S.A成立合资经营，并获授予专营权在中国生产、推广、分销及销售法国AIGLE（艾高）品牌户外运动用品；(ii)透过附属公司从事生产、研发、推广及销售红双喜品牌乒乓球及其它体育器材；(iii)获Lotto Sport Italia S.p.A旗下公司授予独家特许权，在中国开发、制造、推广、分销及销售意大利运动时尚Lotto（乐途）品牌特许产品；及(iv)从事Kason（凯胜）品牌羽毛球专业产品的研发、制造及销售。 创新是李宁品牌发展的根本。李宁公司自成立之初就非常重视原创设计。1998年建立了中国第一家服装与鞋产品设计开发中心，率先成为自主开发的中国体育用品公司。2004年8月，香港设计研发中心成立，集中负责设计李宁品牌服装产品。并且与国内外各大知名高校和研究机构保持密切合作。 李宁公司长期致力于体育事业的发展，从1992年巴塞罗那奥运会开始，李宁公司伴随中国体育军团一路走来，长期支持中国体操、跳水、射击、兵乓球、羽毛球等五支\"金牌梦之队\"，为运动队提供装备，鼓励他们激发出智慧和身体与思维的最佳状态，在赛场发挥优良竞技水平。在国际方面，李宁公司与NBA、ATP等国际顶级赛事和组织结为了战略伙伴；先后签约奥尼尔、柳比西奇、何塞•卡尔德隆、阿萨法•鲍威尔、伊辛巴耶娃、托希尔德森、西里奇、卡洛维奇等国际顶级运动员；与西班牙奥委会、西班牙篮协、瑞典奥委会、阿根廷篮协合作，获得了国际顶尖体育团队和个人的认可，使得李宁品牌的专业实力再次得到证明。 李宁公司作为国内体育用品行业的领跑者，在自身发展壮大的同时，更积极承担企业公民的社会责任，资助希望小学、援建灾区、关爱艾滋孤儿、并且长期支持旨在提高贫困地区体育教育事业的\"一起运动\"公益培训项目，利用自身体育资源优势为共建和谐社会出力。公司创始人李宁先生热心公益，并把这种社会责任感贯彻到企业的管理中，引领企业整体公益价值观，诠释本公司积极投身全球公益事业的视野。同时，李宁公司以实际行动在供应链中积极推广企业社会责任理念，协助供应商推进企业社会责任进程，促进更负责任感的商业社会环境。 李宁公司意在成为有国际竞争力的体育用品品牌。作为一家体育用品公司，李宁公司以体育激发人们突破的渴望和力量，致力于专业体育用品的创造，努力让运动改变生活，追求更高境界的突破。我们秉持\"赢得梦想\"、\"诚信守诺\"、\"我们文化\"、\"卓越绩效\"、\"消费者导向\"与\"突破\"的公司理念，力求将李宁公司打造成为全球领先的体育用品公司。',0,'2020-08-03','c:\\guoyufile\\factory','','15964523840731','',0,0,0,0,0,NULL,'2020-08-14 16:23:05'),(17,2,'成都盛世优家房地产经纪有限公司',NULL,'成都市新都区三河街道曲景路666号观澜鹭岛8-1-5-02号','成都盛世优家房地产经纪有限公司，为直营性公司，公司主营为存量房，商品房等不动产销售服务，其中包括传统的存量房租赁、买卖过户和新盘代理、贷款、代办、法律咨询等。 盛世优家是经历风雨后重新创立的公司，由于公司发展方向及对员工的责任，创始人：张超锋先生，大胆破局，毅然而然放弃旧公司，旧制度，重新创立了全新的成都盛世优家房地产经纪有限公司 总经理说 “人要有危机意识才能有远见，只有思想+脚踏实地，方能有所成就” 盛世优家秉承以人为本，树立正确的价值观，完成个人理想，拥抱人生成就。培养经纪人敢想、敢做、敢担当、有社会责任感的人文环境，从而走出一条属于盛世优家家人们的持续发展之路，让每个人都能发挥出自己之所长成就于当下。 盛世优家从运营以来短短一年半在城北区域创造：单店，单日创佣百万业绩，单日单人单项目成交6套，创佣40万；单店自行组织50人以上看房团并取得良好战绩。 以上战绩只是开始，盛世优家起步3家门店，在2019年8月份，即将装修交付使用门店达到12家，给社会提供更多的工作岗位。 我们全体战友坚定不移的相信，只有学习和思考在加上不断的创新，方能不会被社会所淘汰，被行业所淘汰，被科技变化所淘汰。只有积极成长与时俱进才能让企业健康、良性发展。达到不断的壮大强大，成功的在行业中屹立。',0,'2020-08-03','c:\\guoyufile\\factory','','15964524492902','',0,0,0,0,0,NULL,'2020-08-14 16:23:05'),(18,2,'中国人寿保险股份有限公司广安市分公司',NULL,'广安市城南建安中路117号','中国人寿保险（集团）（简称中国人寿）是国有特大型金融保险企业公司；总部设立在北京，世界500强企业、中国品牌500强，属中央金融企业。 公司前身是成立于1949年的原中国人民保险公司，1996年分设为中保人寿保险有限公司，1999年更名为中国人寿保险公司。2003年，经国务院和原中国保险监督管理委员会批准，原中国人寿保险公司进行重组改制，变更为中国人寿保险（集团）公司。 中国人寿保险（集团）公司及其子公司构成了我国最大的国有金融保险集团，也是我国资本市场重要的机构投资者。业务范围全面涵盖寿险、财险、企业和职业年金、银行、基金、资产管理、财富管理、实业投资、海外业务等多个领域。',2,'2020-08-03','c:\\guoyufile\\factory','','15964524802983','',0,0,0,0,0,NULL,'2020-08-15 16:06:22'),(19,2,'深圳市橙信投资发展有限公司',NULL,'深圳市前海深港合作区前湾一路1号A栋201室（入驻深圳市前海商务秘书有限公司）','深圳市橙信投资发展有限公司是专门服务于平安银行的综合业务管理平台，作为平安银行重要的一份子，主要承接平安银行综合业务服务，通过专业化、标准化、合规化的服务，帮助平安银行提升内部组织弹性，提高业务运营效率，为银行实施“科技引领、零售突破、对公做精”发展战略 \r\n        提供强有力的平台支持，立足深圳前海，辐射全国各地，充分实现“专业创造价值”，助力平安银行成为中国领先的智能化零售银行。\r\n        公司秉承诚信、专业、服务、共赢的经营理念，凝聚了一批在金融、科技、管理等领域具备专业素质的人才，打造了一支具备卓越创新精神、出众业务能力的团队，以合规、透明的操作流程，优化客户体验，为广大客户提供方便、敏捷、高效的综合金融服务。 \r\n        平安银行股份有限公司是中国平安保险（集团）股份有限公司控股的一家跨区域经营的股份制商业银行，为中国大陆12家全国性股份制商业银行之一。注册资本为人民币51.2335亿元，2017年末，资产总额达3.248万亿。',1,'2020-08-04','c:\\guoyufile\\factory','','15965072991621','',0,0,0,0,0,NULL,'2020-08-17 11:23:20'),(20,2,'成都京东方光电科技有限公司',1,'成都市高新西区合作路1188号','成都金东方很好很好',1,'2020-08-06','c:\\guoyufile\\factory','数据库.ppt','15967201303411','.ppt',0,0,0,0,0,NULL,'2020-08-17 13:45:09'),(23,2,'绵阳市涪城区窝窝包子店建国门店',NULL,'四川省绵阳市涪城区涪城路129号6—7号','据《绵阳商业志》记载：清末，绵阳人氏房洪兴在绵阳城区窝窝店（此处因地势低洼，得名“窝窝店”）座营面食。 1956年收为国有企业后，在技术、门面上加以改造，经营仍然以面食为风味为主，生意经久不衰。该店尤以包子最为著名，其皮洁白光滑、富有弹性、馅饱且油而不腻，天然调味品为时鲜蔬菜，味美而富营养。三鲜小笼包、牛肉米粉、百合粥等小吃曾被市食品协会、市商业局、市消费者协会、中国西部交易会组委会授予\"名特小吃\"、\"质量信得过\"等称号。 2017年，窝窝店包子全面升级，在保留原有传统及特色的基础上进行了产品、服务及店面环境的升级改造，正式开启老字号连锁化模式。 2019年3月，窝窝店包子为入住北京国务院第二招待所的全国人大代表提供餐饮服务。 窝窝店包子使用传统的老面发酵技术，蒸笼里采用松针垫底。《本草纲目》记载：松针治风湿疮，生毛发，安五脏、守中、不饥延年。 每笼包子下都垫着厚厚一层松针，气味清香。窝窝店包子出了名的皮薄。包子好吃，馅好是关键。馅是生熟猪肉搭配，散籽而滋润。 绵阳有句老话：要吃包子窝窝店，要看美女西山观！窝窝店包子好吃，绵阳西山多出美女哦。',3,'2020-08-10','c:\\guoyufile\\factory','招聘产品—操作手册-曹启川-15223663318.pdf','15970583879701','.pdf',0,0,0,0,0,NULL,'2020-08-14 16:23:05'),(25,2,'成都富士康集团有限公司',0,'四川省成都市郫都区合作路888号','成都富士康返费有点高的\n\n还可以的，世界500强，大企业',4,'2020-08-24','c:\\guoyufile\\factory','1000道 互联网Java工程师面试题 485页_PDF密码解除.pdf','15982347711001','.pdf',0,0,0,12500,100,'最高的返费了','2020-08-25 13:12:05'),(26,2,'重庆幽意汇美容有限公司',0,'亚太路玖玺台5幢','重庆幽意汇美容有限公司隶属于北京总部旗下的重庆门店（归属总部直接管理），总部成立于2007年，秉持着“以人文本”的发展理念，历经10年的风霜洗礼和发展进取，如今已发展成集高端文化底蕴和低调奢华于一身的现代绅士轻奢休闲文化养生品牌，并以行业翘楚的姿态成为众多高端会所竞相模仿的典范，总部已在全国一线城市拥有15家实体直营店，馆内百余模特均由经纪公司精挑细选，“袅袅琴音巧奕局，菁菁书香雅丹青”——员工博学于文且琴棋书画皆能矫矫不群；馆内的上百项独创休闲文化特色服务和十余种主题项目，皆由5年以上专业技师和国学大师以及各民族文化精英共同针对现代绅士塑形、舒压、养生等领域迭代研发，不仅如此，随着全国业务不断的发展扩大，公司对店内员工的综合素质也提出更高的要求，目前，公司已成立了自己的模特经纪公司，除了为自身业务输送高素质服务人员，还向众多会员客户提供商务接待、公关活动人选，更遴选出公司专属优质模特，涉足时尚、车展、网红等多个领域。 我们还在电商、影视版块、教育版块、茶庄、酒庄、地产项目等做了投资（成立了对应的公司），公司发展平台佳，人文关怀到位，公司更是拿出专项经费对员工进行持续的内部培训，已期达成员工的成长和企业发展的双赢局面，我们真诚期待您的加入！',0,'2020-11-22','c:\\guoyufile\\factory','3.png','16060546734651','.png',0,0,0,0,0,NULL,'2020-11-22 22:17:53'),(27,2,'国宇人力资源管理有限公司',2,'观月大道99号附37号','<p class=\"MsoNormal\" style=\"margin-left:2pt;\">\n	一、<b>公司简介</b><b></b>\n</p>\n<p class=\"MsoNormal\" style=\"text-indent:18pt;\">\n	SK海力是位居全球前列的内存制造商，公司主要生产以D-RAM和NAND为主的半导体产品，自1983年建立以来 ，公司不断发展创新，在2015年全球500强排名中,SK集团排名第57位，同时在世界半导体行业中排名第2位，内存半导体行业排名第4位，SK海力士形成的全球性网络包括在韩国和中国分别设立的4个生产基地。以及在全球范围内共计25家的海外研发中心和销售法人。\n</p>\n<p class=\"MsoNormal\" style=\"text-indent:18pt;\">\n	SK海力士半导体（重庆）有限公司是为满足SK海力士封装测试的需求而专门设立的后工序公司，公司于2013年7月成立，注册资本1.5亿美元。位于重庆西永综合保税区B区，占地面积28万平方米。公司将通过不断加大投资，提高技术丶生产及质量水平，致力于发展世界一流半导体后工序公司。\n</p>\n<p class=\"MsoNormal\" style=\"text-indent:18pt;\">\n	SK海力士用克服过去35年坎坷发展历史的顽强精神，视未来将面临的任何困境为垫脚石而非绊脚石，将飞跃成为世界最高、最强的综合半导体公司。也会以实现全体公司成员、顾客、股东、投资者、协力单位等所有利害关系人的幸福为目标而大步前进！\n</p>\n<p class=\"MsoNormal\" style=\"margin-left:2pt;\">\n	二、<b>岗位要求</b><b></b>\n</p>\n<p class=\"MsoNormal\" style=\"margin-left:2pt;\">\n	1、年龄18岁--35岁(女性)\n</p>\n<p class=\"MsoNormal\" style=\"margin-left:2pt;\">\n	2、中专、高中学历;\n</p>\n<p class=\"MsoNormal\" style=\"margin-left:2pt;\">\n	3、能适应洁净室工作环境、能适应倒班(三班两倒，上四天休二天);\n</p>\n<p class=\"MsoNormal\" style=\"margin-left:2pt;\">\n	4、工作时间:8:00-20:00; 20:00-8:00(中途吃饭及休息时间都算工作时间每天4个小时加班工资)\n</p>\n<p class=\"MsoNormal\" style=\"margin-left:2pt;\">\n	5、吃苦耐劳、学习能力强。\n</p>\n<p class=\"MsoNormal\">\n	三、<b>薪酬福利</b>\n</p>\n<p class=\"MsoNormal\">\n	**试用期工资和转正工资均为1850元/月\n</p>\n<p class=\"MsoNormal\">\n	&nbsp;&nbsp;&nbsp;&nbsp;&nbsp;&nbsp;&nbsp;&nbsp;&nbsp;&nbsp;&nbsp;&nbsp;&nbsp;&nbsp;&nbsp;&nbsp;&nbsp;&nbsp;&nbsp;&nbsp;&nbsp; &nbsp; 综合收入:3500元/月~4500元/月\n</p>\n<p class=\"MsoNormal\">\n	1、住宿：提供免费四人间宿舍,床上七件套(宿舍提供电器有:冰箱、空调、洗衣机、独立淋浴室、Wifi);每层楼设有免费全自动洗衣机、烘干机、开水器、宿舍一楼设有免费健身房、厨房、家属探访室\n</p>\n<p class=\"MsoNormal\" style=\"margin-left:3pt;\">\n	2、工作餐：公司及员工宿舍均设有食堂提供三餐（中餐、韩餐和面食任意选择，每餐随机提供水果或酸奶）餐饮补贴,未消费完部分转入当月工资\n</p>\n<p class=\"MsoNormal\" style=\"margin-left:3pt;\">\n	3、有薪休假：年假、带薪病假、五四青年假、三八妇女假、婚嫁、产假/陪产假、产检假等&nbsp;\n</p>\n<p class=\"MsoNormal\" style=\"margin-left:3pt;\">\n	4、五险一金：签订正式合同后根据国家规定缴纳五险一金\n</p>\n<p class=\"MsoNormal\" style=\"margin-left:3pt;\">\n	5、商业保险：抚恤金、门诊医疗报销\n</p>\n<p class=\"MsoNormal\" style=\"margin-left:3pt;\">\n	6、交通车：免费提供上下班车,大学城附近、主城区均设有班车停靠点\n</p>\n<p class=\"MsoNormal\" style=\"margin-left:3pt;\">\n	7、免费体检&nbsp;：免费入职体检、年度免费体检、女性健康免费体检\n</p>\n<p class=\"MsoNormal\" style=\"margin-left:3pt;\">\n	8、培训：新员工入职培训、职务培训、办公室软件培训、语言类（韩语、英语）相关培训\n</p>\n<p class=\"MsoNormal\" style=\"margin-left:3pt;\">\n	9、社团：公司内设有羽毛球、足球、游泳、篮球、舞蹈、乐器等社团\n</p>\n<p class=\"MsoNormal\" style=\"margin-left:3pt;\">\n	10、GPW/CSR：文化班车、大型运动会、才艺比拼大赛、趣味运动会、社内安心基金、社会公益活动等\n</p>\n<p class=\"MsoNormal\" style=\"margin-left:3pt;\">\n	11、其他福利：Teambuilding(2次旅游/年)、长期工作奖、节日购物卡、免费社内医院、社内图书馆\n</p>\n<p class=\"MsoNormal\" style=\"margin-left:3pt;\">\n	<b><br />\n</b>\n</p>\n<p class=\"MsoNormal\" style=\"margin-left:3pt;\">\n	<b>面试</b><b>地址</b><b>：</b><b>重庆市沙坪坝区</b><b>大学城康居西城七组团</b>\n</p>\n<p class=\"MsoNormal\" style=\"text-indent:228.9pt;\">\n	<b></b>\n</p>\n<p class=\"MsoNormal\">\n	<b>乘车路线：乘坐公交291</b>、<b>240至终点站康居西城站下车</b>\n</p>\n<p class=\"MsoNormal\">\n	<b>厂区环境，本地图：</b>\n</p>\n<p class=\"MsoNormal\">\n	<b><img src=\"/imageStore/16061913922221.jpg\" alt=\"\" width=\"200\" height=\"145\" title=\"\" align=\"\" /><img src=\"/imageStore/16061914031552.jpeg\" alt=\"\" width=\"200\" height=\"133\" title=\"\" align=\"\" /><img src=\"/imageStore/16061914114023.png\" alt=\"\" width=\"200\" height=\"122\" title=\"\" align=\"\" /><br />\n</b>\n</p>\n<p class=\"MsoNormal\">\n	<b><b>测试图片-网络地址复制图：</b></b>\n</p>\n<p>\n	<b><b></b></b>\n</p>\n<p>\n	<b><b><img src=\"https://pic2.zhimg.com/50/v2-f683723a7cde0d161f4ac4e48ed8f139_hd.jpg?source=1940ef5c\" class=\"origin_image zh-lightbox-thumb\" width=\"300\" height=\"375\" title=\"\" align=\"\" alt=\"\" /><img src=\"https://pic2.zhimg.com/50/v2-637c278791e0fb19e10aa48ccf6b35b3_hd.jpg?source=1940ef5c\" class=\"origin_image zh-lightbox-thumb\" width=\"300\" height=\"375\" title=\"\" align=\"\" alt=\"\" /><img src=\"https://pic2.zhimg.com/50/v2-cededcf785d623d0fb39ca150a0971f4_hd.jpg?source=1940ef5c\" class=\"origin_image zh-lightbox-thumb\" width=\"300\" height=\"375\" title=\"\" align=\"\" alt=\"\" /></b></b>\n</p>\n<p>\n	<b><b><b>测试图片-网络Bese64复制图：</b></b></b>\n</p>\n<p>\n	<br />\n</p>\n<b><b><img src=\"https://pic3.zhimg.com/80/v2-7fc18f37cb05a62d2003eb4a41ffec6f_720w.jpg?source=1940ef5c\" width=\"300\" height=\"375\" title=\"\" align=\"\" alt=\"\" /><img src=\"https://pic4.zhimg.com/80/v2-1ee848d2c95ffaa5a811ebc41af2d06e_720w.jpg?source=1940ef5c\" width=\"300\" height=\"360\" title=\"\" align=\"\" alt=\"\" /><img src=\"https://pic1.zhimg.com/80/v2-e90a7acf2295eb79c917161cc2a1029e_720w.jpg?source=1940ef5c\" width=\"200\" height=\"339\" title=\"\" align=\"\" alt=\"\" /><br />\n</b></b>\n<p>\n	<br />\n</p>',0,'2020-11-24','c:\\guoyufile\\factory','海力士3.png','16061918215394','.png',0,0,0,0,0,NULL,'2020-11-24 12:23:29'),(28,2,'不知名公司',0,'重庆','<p class=\"MsoNormal\" style=\"margin-left:2.0000pt;\">\n	一、<b>公司简介</b><b></b>\n</p>\n<p class=\"MsoNormal\" style=\"text-indent:18.0000pt;\">\n	SK海力是位居全球前列的内存制造商，公司主要生产以D-RAM和NAND为主的半导体产品，自1983年建立以来 ，公司不断发展创新，在2015年全球500强排名中,SK集团排名第57位，同时在世界半导体行业中排名第2位，内存半导体行业排名第4位，SK海力士形成的全球性网络包括在韩国和中国分别设立的4个生产基地。以及在全球范围内共计25家的海外研发中心和销售法人。\n</p>\n<p class=\"MsoNormal\" style=\"text-indent:18.0000pt;\">\n	SK海力士半导体（重庆）有限公司是为满足SK海力士封装测试的需求而专门设立的后工序公司，公司于2013年7月成立，注册资本1.5亿美元。位于重庆西永综合保税区B区，占地面积28万平方米。公司将通过不断加大投资，提高技术丶生产及质量水平，致力于发展世界一流半导体后工序公司。\n</p>\n<p class=\"MsoNormal\" style=\"text-indent:18.0000pt;\">\n	SK海力士用克服过去35年坎坷发展历史的顽强精神，视未来将面临的任何困境为垫脚石而非绊脚石，将飞跃成为世界最高、最强的综合半导体公司。也会以实现全体公司成员、顾客、股东、投资者、协力单位等所有利害关系人的幸福为目标而大步前进！\n</p>\n<p class=\"MsoNormal\" style=\"margin-left:2.0000pt;\">\n	二、<b>岗位要求</b><b></b>\n</p>\n<p class=\"MsoNormal\" style=\"margin-left:2.0000pt;\">\n	1、年龄18岁--35岁(女性)\n</p>\n<p class=\"MsoNormal\" style=\"margin-left:2.0000pt;\">\n	2、中专、高中学历;\n</p>',0,'2020-11-24','c:\\guoyufile\\factory','海力士3.png','16061953086671','.png',0,0,0,0,0,NULL,'2020-11-24 13:21:49'),(29,2,'我爱你的',0,'第三方','<p class=\"MsoNormal\" style=\"margin-left:2.0000pt;\">\n	一、<b>公司简介</b><b></b>\n</p>\n<p class=\"MsoNormal\" style=\"text-indent:18.0000pt;\">\n	SK海力是位居全球前列的内存制造商，公司主要生产以D-RAM和NAND为主的半导体产品，自1983年建立以来 ，公司不断发展创新，在2015年全球500强排名中,SK集团排名第57位，同时在世界半导体行业中排名第2位，内存半导体行业排名第4位，SK海力士形成的全球性网络包括在韩国和中国分别设立的4个生产基地。以及在全球范围内共计25家的海外研发中心和销售法人。\n</p>\n<p class=\"MsoNormal\" style=\"text-indent:18.0000pt;\">\n	SK海力士半导体（重庆）有限公司是为满足SK海力士封装测试的需求而专门设立的后工序公司，公司于2013年7月成立，注册资本1.5亿美元。位于重庆西永综合保税区B区，占地面积28万平方米。公司将通过不断加大投资，提高技术丶生产及质量水平，致力于发展世界一流半导体后工序公司。\n</p>\n<p class=\"MsoNormal\" style=\"text-indent:18.0000pt;\">\n	SK海力士用克服过去35年坎坷发展历史的顽强精神，视未来将面临的任何困境为垫脚石而非绊脚石，将飞跃成为世界最高、最强的综合半导体公司。也会以实现全体公司成员、顾客、股东、投资者、协力单位等所有利害关系人的幸福为目标而大步前进！\n</p>\n<p class=\"MsoNormal\" style=\"margin-left:2.0000pt;\">\n	二、<b>岗位要求</b><b></b>\n</p>\n<p class=\"MsoNormal\" style=\"margin-left:2.0000pt;\">\n	1、年龄18岁--35岁(女性)\n</p>\n<p class=\"MsoNormal\" style=\"margin-left:2.0000pt;\">\n	2、中专、高中学历;\n</p>\n<p class=\"MsoNormal\" style=\"margin-left:2.0000pt;\">\n	3、能适应洁净室工作环境、能适应倒班(三班两倒，上四天休二天);\n</p>\n<p class=\"MsoNormal\" style=\"margin-left:2.0000pt;\">\n	4、工作时间:8:00-20:00; 20:00-8:00(中途吃饭及休息时间都算工作时间每天4个小时加班工资)\n</p>\n<p class=\"MsoNormal\" style=\"margin-left:2.0000pt;\">\n	5、吃苦耐劳、学习能力强。\n</p>',0,'2020-11-24','c:\\guoyufile\\factory','海力士3.png','16061968843561','.png',0,0,0,0,0,NULL,'2020-11-24 13:48:04'),(30,2,'dfsg',0,'sdg','<p class=\"MsoNormal\" style=\"margin-left:2.0000pt;\">\n	一、<b>公司简介</b><b></b>\n</p>\n<p class=\"MsoNormal\" style=\"text-indent:18.0000pt;\">\n	SK海力是位居全球前列的内存制造商，公司主要生产以D-RAM和NAND为主的半导体产品，自1983年建立以来 ，公司不断发展创新，在2015年全球500强排名中,SK集团排名第57位，同时在世界半导体行业中排名第2位，内存半导体行业排名第4位，SK海力士形成的全球性网络包括在韩国和中国分别设立的4个生产基地。以及在全球范围内共计25家的海外研发中心和销售法人。\n</p>\n<p class=\"MsoNormal\" style=\"text-indent:18.0000pt;\">\n	SK海力士半导体（重庆）有限公司是为满足SK海力士封装测试的需求而专门设立的后工序公司，公司于2013年7月成立，注册资本1.5亿美元。位于重庆西永综合保税区B区，占地面积28万平方米。公司将通过不断加大投资，提高技术丶生产及质量水平，致力于发展世界一流半导体后工序公司。\n</p>\n<p class=\"MsoNormal\" style=\"text-indent:18.0000pt;\">\n	SK海力士用克服过去35年坎坷发展历史的顽强精神，视未来将面临的任何困境为垫脚石而非绊脚石，将飞跃成为世界最高、最强的综合半导体公司。也会以实现全体公司成员、顾客、股东、投资者、协力单位等所有利害关系人的幸福为目标而大步前进！\n</p>\n<p class=\"MsoNormal\" style=\"margin-left:2.0000pt;\">\n	二、<b>岗位要求</b><b></b>\n</p>\n<p class=\"MsoNormal\" style=\"margin-left:2.0000pt;\">\n	1、年龄18岁--35岁(女性)\n</p>\n<p class=\"MsoNormal\" style=\"margin-left:2.0000pt;\">\n	2、中专、高中学历;\n</p>\n<p class=\"MsoNormal\" style=\"margin-left:2.0000pt;\">\n	3、能适应洁净室工作环境、能适应倒班(三班两倒，上四天休二天);\n</p>\n<p class=\"MsoNormal\" style=\"margin-left:2.0000pt;\">\n	4、工作时间:8:00-20:00; 20:00-8:00(中途吃饭及休息时间都算工作时间每天4个小时加班工资)\n</p>\n<p class=\"MsoNormal\" style=\"margin-left:2.0000pt;\">\n	5、吃苦耐劳、学习能力强。\n</p>',0,'2020-11-24','c:\\guoyufile\\factory','海力士3.png','16062103648131','.png',0,0,0,0,0,NULL,'2020-11-24 17:32:45');

UNLOCK TABLES;

/*Table structure for table `gy_label` */

DROP TABLE IF EXISTS `gy_label`;

CREATE TABLE `gy_label` (
  `id` int(11) NOT NULL AUTO_INCREMENT COMMENT 'ID',
  `title` varchar(40) DEFAULT NULL COMMENT '标签名字',
  PRIMARY KEY (`id`)
) ENGINE=InnoDB AUTO_INCREMENT=12 DEFAULT CHARSET=utf8;

/*Data for the table `gy_label` */

LOCK TABLES `gy_label` WRITE;

insert  into `gy_label`(`id`,`title`) values (1,'五险一金'),(2,'包住'),(3,'包吃'),(4,'年底双薪'),(5,'周末双休'),(6,'交通补助'),(7,'加班补助'),(8,'饭补'),(9,'话补'),(10,'房补'),(11,'免费培训');

UNLOCK TABLES;

/*Table structure for table `gy_permissions` */

DROP TABLE IF EXISTS `gy_permissions`;

CREATE TABLE `gy_permissions` (
  `permission_id` int(11) NOT NULL AUTO_INCREMENT,
  `permission_code` varchar(60) NOT NULL,
  `permission_name` varchar(60) DEFAULT NULL,
  PRIMARY KEY (`permission_id`)
) ENGINE=InnoDB AUTO_INCREMENT=13 DEFAULT CHARSET=utf8;

/*Data for the table `gy_permissions` */

LOCK TABLES `gy_permissions` WRITE;

insert  into `gy_permissions`(`permission_id`,`permission_code`,`permission_name`) values (1,'gy:r:save','增加人员'),(2,'gy:r:update','处理人员'),(3,'gy:r:delete','删除人员'),(4,'gy:r:find','查询人员及修改职位在招权限'),(5,'gy:g:save','发布公司'),(6,'gy:g:update','修改岗位x'),(7,'gy:g:delete','删除岗位x'),(8,'gy:g:find','查询岗位x'),(9,'gy:r:allfind','查询所有人员'),(10,'gy:r:submit','提交人员'),(11,'gy:g:price','查看企业发布的价格'),(12,'gy:g:addpost','增加岗位');

UNLOCK TABLES;

/*Table structure for table `gy_pls` */

DROP TABLE IF EXISTS `gy_pls`;

CREATE TABLE `gy_pls` (
  `pid` int(11) DEFAULT NULL COMMENT '岗位ID',
  `lid` int(11) DEFAULT NULL COMMENT '标签ID'
) ENGINE=InnoDB DEFAULT CHARSET=utf8;

/*Data for the table `gy_pls` */

LOCK TABLES `gy_pls` WRITE;

insert  into `gy_pls`(`pid`,`lid`) values (1,1),(1,2),(1,4),(1,5),(1,6),(1,7),(1,9),(1,10),(1,11),(2,1),(2,2),(2,3),(2,5),(2,7),(2,11),(3,1),(3,2),(3,3),(3,4),(3,7),(3,10),(3,11),(4,1),(4,2),(4,3),(4,4),(4,5),(4,6),(4,9),(4,10),(4,11),(5,1),(5,2),(5,3),(5,9),(5,10),(5,11),(6,1),(6,3),(6,5),(6,6),(6,7),(6,9),(6,10),(7,7),(7,8),(7,9),(7,10),(7,11),(8,1),(8,2),(8,3),(8,4),(8,5),(8,6),(8,7),(8,8),(8,9),(8,10),(8,11),(9,2),(9,3),(10,1),(10,2),(10,3),(10,4),(10,5),(10,10),(10,11),(11,1),(11,2),(11,3),(11,4),(11,5),(11,6),(11,7),(11,10),(11,11),(12,1),(12,2),(12,3),(12,4),(12,8),(12,9),(12,10),(12,11),(13,1),(13,2),(13,3),(13,4),(13,9),(13,10),(13,11),(14,1),(14,2),(14,3),(14,5),(14,6),(14,7);

UNLOCK TABLES;

/*Table structure for table `gy_post` */

DROP TABLE IF EXISTS `gy_post`;

CREATE TABLE `gy_post` (
  `id` int(11) NOT NULL AUTO_INCREMENT COMMENT 'ID',
  `company` int(11) NOT NULL COMMENT '所属公司',
  `creator` int(11) NOT NULL COMMENT '发布者',
  `title` varchar(60) DEFAULT NULL COMMENT '职位名称',
  `content` text COMMENT '职位详情',
  `workaddress` varchar(100) DEFAULT NULL COMMENT '工作地址',
  `experience` tinyint(4) DEFAULT NULL COMMENT '工作经验要求',
  `academicDegree` tinyint(4) DEFAULT NULL COMMENT '学历要求',
  `wagesmin` int(11) DEFAULT NULL COMMENT '工资最少',
  `wagesmax` int(11) DEFAULT NULL COMMENT '工资最高',
  `timerelease` date DEFAULT NULL COMMENT '发布时间',
  `timeupdate` date DEFAULT NULL COMMENT '最近更新时间',
  `hiring` int(11) DEFAULT NULL COMMENT '招聘人数',
  `state` tinyint(4) DEFAULT NULL COMMENT '状态',
  `topflag` tinyint(4) DEFAULT NULL COMMENT '置顶',
  `banflag` tinyint(4) DEFAULT NULL COMMENT '加精',
  `delflag` tinyint(4) DEFAULT NULL COMMENT '删除',
  PRIMARY KEY (`id`)
) ENGINE=InnoDB AUTO_INCREMENT=15 DEFAULT CHARSET=utf8;

/*Data for the table `gy_post` */

LOCK TABLES `gy_post` WRITE;

insert  into `gy_post`(`id`,`company`,`creator`,`title`,`content`,`workaddress`,`experience`,`academicDegree`,`wagesmin`,`wagesmax`,`timerelease`,`timeupdate`,`hiring`,`state`,`topflag`,`banflag`,`delflag`) values (1,2,2,'各大厂区招聘普工、学生工','========================================\n目前为求职进厂高峰期，请直接投简历报名，入职较快!\n========================================\n为避免被无关电话骚扰，“创建简历时，一定要选择“仅我投递的招聘方”可见\n=======================================\n免费招聘 真实可靠\n=======================================\n长期短期均可，随走随结，绝不拖欠工资，当天可带上行李，当天安排住宿，全程免费招聘，不收取任何费用，面试通过次日签订劳动合同，培训上岗!\n=======================================\n每周一至周日天天招聘面试，请放心报名\n==============================================\n==============================================\n招聘要求\n1、男女不限，年龄18-52岁\n2、中专或初中学历以上(有一定的语言表达能力和文化知识即可)\n3、会读写26个英文字母大小写没工作经验的，都可以进，放心报名!\n==============================================\n薪资福利\n==============================================\n一、 小时工：20-35元/小时\n二、同工同酬：试用期底薪2000元，含加班费和各种补贴月综合收入4500-6500元月;转正后底薪2200-2500元及以上，含加班和各种补贴综合收入5000-7000元月。\n1、工作时间:每天工作8小时(白夜两班制)， 夜班补贴8天。每周工作5天，休息2天。可自愿选择周六加班，周一到周五每天加班不超过3小时。\n2、加班工资: (以试用期底薪2200元计算) .平时加班是1.5倍(17.24元小时) ;周末只能加班一天，加班工资2倍(22.98元小时) ;国家法定假日平时加班3倍(34.48元小时)。\n3、年终奖金:每年春节前按当年度工作绩效及整体贡献发放年终奖，3000-8000元 !\n==============================================\n衣食住行\n==============================================\n(1)衣:上班不需要穿无尘服、不需要看显微镜;\n(2) 食:公司免费提供工早中晚3餐,二荤二素;另提供面食、水果等提供挑选;\n(3) 住:公司免费提供普工住宿，4-8人间，设施包含空调、独立卫浴、橱柜等，床上用品厂区发放。若员工自己在外租房每人每月补贴100元且有厂车接送;\n(4) 行:上下班有厂车接送，公司每周提供班车到购物中心和市区。\n=====================================\n福利待遇:\n==============================================\n1:公司包吃包住、购买五险一金、 面试合格当天发放400餐补、在厂牌里面、入职三天即与公司签定正式的劳动合同。年底双薪、逢年过节有礼品发放、福利多多.\n2:公司开办各种技能培训和在职大专、本科、硕士学历教育、驾照考核A、B、C、照、圆了你的大学和学技能的梦想、并取得国家教育部认可的毕业证书和地方认可的专业技能资格证书。\n3:公司定期举办相亲活动、为单身男女打造恋爱的平台。\n4:电梯公寓式小区、热水器、宽带、独立卫生间、乒乓球室、阅览室、图书馆、健身房、电视等一应俱全。5:享受国家法定节假日、婚假、产假、工伤假15天、工作满一年享受有薪假15天。\n===\n强调面试注意事项.\n1、本次招募不收任何费用，请求职者注意!\n2、为防止二次或者多次报名，请在次报名的求职者,\n勿在其它地方报名，以免因系统重复报名，拉入黑名单，刷不起报名系统，导致不能正常面试!\n3、面试前请一定认准请当面打电话确定是本人，避免中介介入。以免导致错过面试机会直接进入黑名单无法通过面试!\n须准备好二代有效身份证件、一支笔、复印件5张，也可以带_上行李生活物品及床.上用品!当天免费安排住宿防骗提示求职者如需查询路线请找车站值班民警或电话联系我，请勿理会任何陌生人的搭讪，请勿乘坐黑车,谨防受骗_上当!\n成都电子厂全体成员期待您的加入!\n上六休一，18岁-45岁， 身体健康，看清楚要求再投!!!!!!! 1','深圳市宝安区航城街道草围社区深圳机场航站四路1111号顺丰华南转运中心综合楼三层、四层',0,4,3500,5000,'2020-08-05','2020-11-21',10,1,0,0,0),(2,2,2,'各大厂区招聘','厂区大量招聘：不穿无尘服，座着上班，可以手机上班，入职反费2500！！\n厂区面试，中午体检，下午安排住宿，第二天培训入职算工资，包吃包住，提供床上用品，坐式工作制，生活区环境优美，有空调，企业因订单剧增，需求大量人力，故招聘年龄18岁到48岁，男女不限，长期短期均可，辞职方便，岗位多多，综合工资4500元-5000元。\nNO.1招聘年龄\n（1）年龄：18-48岁，男女不限，有无工作经验均可（有二代有效身份证原件）；\n（2）学历：学历不限，无需工作经验。\n（3）健康：身心健康、无色盲、色弱\nNO.2薪资待遇\n1、（基本工资试用）：5500+元/月（底薪2000+400餐补+100住宿补贴+100津贴+200全勤+1600-2300加班费）\n2、（基本工资转正）：6500+元/月（底薪2200元+400餐补+100住宿补贴+200津贴+200全勤+1900-3000加班费）\n3、（加班费）：5天8小时正常上班，超过8小时算加班，平时加班1.5倍，周末加班2倍，国假日加班3倍。平时15.5元/小时,周末20.6元/小时,法定假日31.2元/小时。\n4、免费包吃住：当天安排住宿，有无线网，独立卫生间热水器，空调\n5、薪资发放：不压工资，每月10号发放工资；\nNO.3招聘岗位\n1、普工类需求：普工、仓管、采购、品检、物料、包装、安检员、保安。\n2、技术职：叉车工、电工、焊工、手机维修、模具、CNC操作、SMT操作、数控编程、设备维修。\n3、坐着上班：生熟手均可，无需经验，无需考试，无需学历，生手带薪培训。\n4、每天8小时，每周5天；（8：00-17:00）加班与否随个人意愿\nNO.4待遇福利\n（1）保险：公司为员工缴纳五险（养老、医疗、失业、工伤、生育）（可自主选择交不交）可转出；\n（2）设施：公司生活区设有网吧、超市、美发厅、洗衣房、健身房、球场免费娱乐；\n（3）娱乐：公司不定期为员工组织聚餐、旅游、多种文艺活动、大型抽奖活动等。\nNO.5衣食住行\n（1）衣：上班不需要穿无尘服、不需要看显微镜；\n（2）食：公司免费提供工早中晚3餐，二荤二素；另提供面食、水果等提供挑选；\n（3）住：公司免费提供住宿，4-8人/间，设施包含空调、独立卫浴、橱柜等，床上用品厂区发放。若员工自己在外租房每人每月补贴100元且有厂车接送；\n（4）行：上下班有厂车接送，公司每周提供班车到购物中心和市区。\n全程免费招聘，无任何押金费用！（体检费满岗之后报销）','深圳市宝安区航城街道草围社区深圳机场航站四路1111号顺丰华南转运中心综合楼三层、四层',2,4,3000,5000,'2020-08-05','2020-11-21',20,1,0,0,0),(3,3,2,'java开发工程师','该课程针对大专以上的同学，跟随业内资深讲师学习3个月左右。\n课程介绍：培养对软件测试及开发感兴趣，立志于往计算机软件行业发展的年轻人，以专业知识为基础，结合最新商业范例，利用企业真实项目练手，培养学员实战能力，毕业及相当于获取2年以上的工作经验。\n培训课程：JAVA程序语言，数据库基础和MySQL环境搭建，WEB前端技术与应用，版本控制以及项目管理等知识，培训后即可上岗，包就业。\n课程时间：周一到周五，共四个月，小班授课，面对面教学，企业真实项目练手，培养真正企业企业要求的员工，定向输出对应的企业工作。\n费用说明：根据课程方向不同，收费不同。可贷款分期支付，亦可一次性支付。\n适用人群：\n1.大专以上学历，20-35岁，逻辑思维强，对计算机感兴趣\n2.想学习一门IT技术，长期在计算机行业发展\n3.刚毕业的大学生，巩固提升IT技能\n4.零基础,对IT有浓厚兴趣\n就业前景：\n就业方向：可以从事JSP网咨开发、JAVA编程、JAVA游戏开发、JAVA桌面程序设计，以及其他与JAVA语言编程相关的工作。可进入电销、银行、保险专业软件开发公司从事软设计和开发工作。','深圳市福田区福田街道福华一路121号中信银行大厦',2,5,5000,8000,'2020-08-06','2020-09-30',30,1,0,0,0),(4,2,2,'前端开发工程师','1、主要负责公司WEB端的开发工作以及微信小程序、公众号的开发工作；\n2、根据具体产品需求设计，同研发测试团队紧密合作，推进需求落地及高质量上线；\n3、优化现有产品web前端性能和兼容性\n任职要求：\n1、专业不限，高中及以上学历，20~30周岁；\n2、热爱前端行业，想要一个长期的稳定的工作；\n3、学习能力强，工作热情高，富有责任感；\n4、本岗位欢迎优秀应届毕业生前来应聘（学习能力强者可宽松学历要求）；\n5、如无经验或能力不足，则必须接受公司的实训；\n薪资待遇：\n1）基本薪资5000至8000+奖金绩效，五险一金；\n2)给予完善的绩效考核，年终奖金及定期调薪；\n3)完善的晋升机制；\n4)带薪休假（年假，婚假，病假，）；\n5)丰富的业余集体活动（拓展，旅游，聚餐，年会等）；\n6)五天制，早上九点到下午六点，中午休息两小时，周末双休；\n7)公司免费提供住宿；工作时间：5天8小时制，早上9：00到下午6：00，中午休息1、5小时，周六日双休。','深圳市宝安区航城街道草围社区深圳机场航站四路1111号顺丰华南转运中心综合楼三层、四层',3,5,6000,8000,'2020-08-06','2020-11-21',5,1,0,0,0),(5,1,2,'锦江菜鸟聘8000骑手','岗位职责：\n1、完成连锁商超线上订单配送；\n2、及时完成订单管理，准时配送货物到达客户；\n岗位要求：\n1、初中及以上学历，熟悉配送模式；\n2、具有较高的服务意识；\n3、吃苦耐劳，高度的工作责任心。','浙江省杭州市江干区九环路63号2幢A座4楼420室',1,4,5000,10000,'2020-08-06','2020-11-22',5,0,0,0,0),(6,4,2,'快递员','负责进行日常收派件工作,能够根据公司要求包装快件、填写运单等工作。锦江区，中和，华阳，高攀，新北，双流均可上班\n负责快递货物的运送，配送物资。\n工作时间每周上班六天，休息时间可自由调整\n每月休息4天，可倒休\n配送片区可固定在就近的小区及商圈内，可选择就近地点上班\n要求会熟练驾驶电动车\n要求会骑三轮车','上海市青浦区徐泾镇徐祥路316号1幢',0,0,5000,8000,'2020-08-06','2020-11-22',8,0,0,0,0),(7,2,2,'重庆各大厂区招聘','美女多','深圳市宝安区航城街道草围社区深圳机场航站四路1111号顺丰华南转运中心综合楼三层、四层',2,7,10000,30000,'2020-08-06','2020-11-22',50,0,0,0,0),(8,20,2,'设备工程师','只招大专学历及以上','成都市高新西区合作路1188号',0,4,3500,5000,'2020-08-07','2020-08-20',30,0,0,0,0),(9,5,2,'售后工程师','就了对你就是分开接收的路径第三方的撒个地方\nsdgfdgf说递归对方过后跟发哥\nsdggh','北京市昌平区北清路1号220C区域',2,5,3400,10000,'2020-08-07','2020-11-22',2,0,0,0,0),(10,2,2,'java开发工程师','要求会html、css、javaScript、Vue、Sprng、SpringBoot、MyBatis','深圳市宝安区航城街道草围社区深圳机场航站四路1111号顺丰华南转运中心综合楼三层、四层',2,5,5000,9000,'2020-08-10','2020-11-22',3,0,0,0,0),(11,20,2,'渝北电子厂招领班18岁以上男','好岗位哦','成都市高新西区合作路1188号',3,4,3500,5000,'2020-08-10','2020-11-22',5,0,0,0,0),(12,1,1,'sdfghj','dsfghjgkkgfgdfs','浙江省杭州市江干区九环路63号2幢A座4楼420室',0,0,4000,6000,'2020-08-10','2020-11-22',3,0,0,0,0),(13,20,3,'渝北招普工18岁以上包吃住','+++++++++++++++++\n+++++++++++++++++++','成都市高新西区合作路1188号',0,0,4500,5000,'2020-08-11','2020-11-22',3,0,0,0,0),(14,26,2,'美容师','我司致力于现代绅士的高端文化休闲养生新体验，全国一线城市和部分重点二线城市已有10余家直营体验中心，现在快速发展上升期。我司秉承正规绿色合法经营理念，以人为本，以树立行业品牌标杆为企业发展目标，花费巨资打造我司独有的综合培训体系，提供高端客户不一样的优质服务群体。在这里，您可以有效实现个人的价值（我司成立“韵学院”，为所有在职员工提供系统并免费的综合培训，助力员工的快速成长）和企业的发展双赢。\n岗位职责：\n1.主要做男士肩颈，背部，腰部，腿部等部位理疗修复项目。\n2.每天制定工作计划，并按计划完成岗位工作内容\n3.通过诚信沟通，建立与顾客的良好关系，提高顾客满意度\n4.遵守公司规章制度，服从店面管理\n要求：\n1. 女，年龄18-35岁，身高160以上，五官端正。（综合条件优秀者可放宽身高要求）。\n2.需要有1年以上的美容或者按摩技师的经验。\n3.对待客户亲切友好，与顾客保持良好关系，提高顾客满意度。\n4.对男士美容养生行业有兴趣并愿意学习美容养生相关知识。\n【那些让你惊讶到吊炸天的事】\n1.美容师薪资：底薪3500-5000，手工提成100-200/小时。月平均薪资1万-3万，综合条件优秀者上不封顶。\n薪资构成：底薪+手工提成+售卡提成8%-10%，包吃住（二人间，生活设施齐全。）\n2.公司设有员工培训优化制度，后期可向店内其他岗位转化。\n3.试用期1-3个月，表现优异者可提前转正\n4.转正后缴纳五险社保\n10:00-19:00，12:00-21:00、15:00-24:00月休4-5天\n这里有透明公平公正晋升空间，只要你有能力，年薪百万不是梦，欢迎有志之士加入。','亚太路玖玺台5幢',0,4,8000,12000,'2020-11-22','2020-11-22',200,0,0,0,0);

UNLOCK TABLES;

/*Table structure for table `gy_roles` */

DROP TABLE IF EXISTS `gy_roles`;

CREATE TABLE `gy_roles` (
  `role_id` int(11) NOT NULL AUTO_INCREMENT,
  `role_name` varchar(60) NOT NULL COMMENT '身份信息',
  `role_zname` varchar(60) DEFAULT NULL,
  PRIMARY KEY (`role_id`)
) ENGINE=InnoDB AUTO_INCREMENT=5 DEFAULT CHARSET=utf8;

/*Data for the table `gy_roles` */

LOCK TABLES `gy_roles` WRITE;

insert  into `gy_roles`(`role_id`,`role_name`,`role_zname`) values (1,'admin','老板'),(2,'employee','员工'),(3,'dataclerk','数据员'),(4,'supplier','供应商');

UNLOCK TABLES;

/*Table structure for table `gy_rps` */

DROP TABLE IF EXISTS `gy_rps`;

CREATE TABLE `gy_rps` (
  `rid` int(11) NOT NULL,
  `pid` int(11) NOT NULL
) ENGINE=InnoDB DEFAULT CHARSET=utf8;

/*Data for the table `gy_rps` */

LOCK TABLES `gy_rps` WRITE;

insert  into `gy_rps`(`rid`,`pid`) values (1,1),(1,2),(1,3),(1,4),(1,5),(1,10),(2,1),(2,3),(2,4),(2,10),(3,2),(3,4),(1,9),(1,11),(2,11),(3,11),(4,11),(1,12),(2,12),(3,12);

UNLOCK TABLES;

/*Table structure for table `gy_ums` */

DROP TABLE IF EXISTS `gy_ums`;

CREATE TABLE `gy_ums` (
  `manpowerid` int(11) NOT NULL COMMENT '求职者',
  `state` tinyint(4) NOT NULL COMMENT '求职者状态',
  `entryunit` varchar(50) DEFAULT NULL COMMENT '入职单位',
  `dateofentry` date DEFAULT NULL COMMENT '入职日期',
  `rebates` double DEFAULT NULL COMMENT '返费金额,这儿金额字段类型',
  `rebatestime` date DEFAULT NULL COMMENT '返费发放时间',
  `reasonforfailure` varchar(200) DEFAULT NULL COMMENT '面试失败原因',
  PRIMARY KEY (`manpowerid`),
  UNIQUE KEY `manpowerid` (`manpowerid`)
) ENGINE=InnoDB DEFAULT CHARSET=utf8;

/*Data for the table `gy_ums` */

LOCK TABLES `gy_ums` WRITE;

insert  into `gy_ums`(`manpowerid`,`state`,`entryunit`,`dateofentry`,`rebates`,`rebatestime`,`reasonforfailure`) values (3,0,NULL,NULL,NULL,NULL,NULL),(6,0,NULL,NULL,NULL,NULL,NULL),(8,0,NULL,NULL,NULL,NULL,NULL),(9,0,NULL,NULL,NULL,NULL,NULL),(10,1,NULL,NULL,NULL,NULL,'不太行'),(11,0,NULL,NULL,NULL,NULL,NULL),(12,0,NULL,NULL,NULL,NULL,NULL),(13,0,NULL,NULL,NULL,NULL,NULL),(14,2,NULL,NULL,NULL,NULL,NULL),(15,6,'成都京东方','2020-07-28',500,'2020-08-27',NULL),(16,2,NULL,NULL,NULL,NULL,'长得太丑了'),(17,1,NULL,NULL,NULL,NULL,'为啥没'),(18,7,NULL,NULL,NULL,NULL,NULL),(19,2,NULL,NULL,NULL,NULL,NULL),(20,8,'旭硕x','2020-07-25',500,'2020-08-24','干不下去了'),(21,0,NULL,NULL,NULL,NULL,NULL),(22,6,'成都京东q','2020-08-25',5000,'2020-09-24','太丑了'),(23,0,NULL,NULL,NULL,NULL,NULL),(24,3,'翊宝','2020-11-21',100,'2020-12-21','信息'),(25,0,NULL,NULL,NULL,NULL,NULL);

UNLOCK TABLES;

/*Table structure for table `gy_urs` */

DROP TABLE IF EXISTS `gy_urs`;

CREATE TABLE `gy_urs` (
  `uid` int(11) NOT NULL,
  `rid` int(11) NOT NULL
) ENGINE=InnoDB DEFAULT CHARSET=utf8;

/*Data for the table `gy_urs` */

LOCK TABLES `gy_urs` WRITE;

insert  into `gy_urs`(`uid`,`rid`) values (1,2),(2,1),(3,3),(4,2),(1,2),(11,3),(1,2),(11,3),(14,3),(15,2),(16,2),(17,2),(18,4),(19,2),(20,2);

UNLOCK TABLES;

/*Table structure for table `gy_users` */

DROP TABLE IF EXISTS `gy_users`;

CREATE TABLE `gy_users` (
  `user_id` int(11) NOT NULL AUTO_INCREMENT,
  `username` varchar(100) DEFAULT NULL COMMENT '用户名',
  `password` varchar(100) DEFAULT NULL COMMENT '密码',
  `qqid` varchar(50) DEFAULT NULL COMMENT 'qq的openid',
  `qq` varchar(30) DEFAULT NULL,
  `qqFlag` tinyint(1) DEFAULT NULL,
  `qqName` varchar(100) DEFAULT NULL COMMENT '最初的QQ昵称',
  `email` varchar(100) DEFAULT NULL,
  `emailFlag` tinyint(1) DEFAULT NULL,
  `phone` varchar(30) DEFAULT NULL,
  `phoneFlag` tinyint(1) DEFAULT NULL,
  `thumb` varchar(200) DEFAULT NULL COMMENT '头像',
  `level` int(11) DEFAULT NULL COMMENT '用户等级',
  `vip` tinyint(4) DEFAULT NULL COMMENT 'VIP等级',
  `vipName` varchar(30) DEFAULT NULL COMMENT '头衔',
  `isAdmin` tinyint(1) DEFAULT NULL COMMENT '是否超级管理',
  `timeCreate` datetime DEFAULT NULL COMMENT '注册时间',
  `timeUpdate` datetime DEFAULT NULL,
  `timeLogin` datetime DEFAULT NULL COMMENT '最后一次登录',
  PRIMARY KEY (`user_id`),
  UNIQUE KEY `name` (`username`),
  UNIQUE KEY `qqid` (`qqid`),
  UNIQUE KEY `qq` (`qq`),
  UNIQUE KEY `email` (`email`)
) ENGINE=InnoDB AUTO_INCREMENT=21 DEFAULT CHARSET=utf8;

/*Data for the table `gy_users` */

LOCK TABLES `gy_users` WRITE;

insert  into `gy_users`(`user_id`,`username`,`password`,`qqid`,`qq`,`qqFlag`,`qqName`,`email`,`emailFlag`,`phone`,`phoneFlag`,`thumb`,`level`,`vip`,`vipName`,`isAdmin`,`timeCreate`,`timeUpdate`,`timeLogin`) values (1,'long','e10adc3949ba59abbe56e057f20f883e',NULL,NULL,NULL,NULL,NULL,NULL,NULL,NULL,NULL,NULL,NULL,NULL,NULL,NULL,NULL,NULL),(2,'zhang','e10adc3949ba59abbe56e057f20f883e',NULL,NULL,NULL,NULL,NULL,NULL,NULL,NULL,NULL,NULL,NULL,NULL,NULL,NULL,NULL,NULL),(3,'ming','e10adc3949ba59abbe56e057f20f883e',NULL,NULL,NULL,NULL,NULL,NULL,NULL,NULL,NULL,NULL,NULL,NULL,NULL,NULL,NULL,NULL),(4,'龙章','902bdb5f7c320c707bf4b25258236b29',NULL,NULL,NULL,NULL,NULL,NULL,NULL,NULL,NULL,NULL,NULL,NULL,NULL,'2020-07-24 13:56:25',NULL,NULL),(8,'龙','e10adc3949ba59abbe56e057f20f883e',NULL,NULL,NULL,NULL,NULL,NULL,NULL,NULL,NULL,NULL,NULL,NULL,NULL,'2020-07-24 14:21:27',NULL,NULL),(9,'章','e10adc3949ba59abbe56e057f20f883e',NULL,NULL,NULL,NULL,NULL,NULL,NULL,NULL,NULL,NULL,NULL,NULL,NULL,'2020-07-24 14:21:40',NULL,NULL),(10,'铭','e10adc3949ba59abbe56e057f20f883e',NULL,NULL,NULL,NULL,NULL,NULL,NULL,NULL,NULL,NULL,NULL,NULL,NULL,'2020-07-24 14:23:12',NULL,NULL),(11,'123','e10adc3949ba59abbe56e057f20f883e',NULL,NULL,NULL,NULL,NULL,NULL,NULL,NULL,NULL,NULL,NULL,NULL,NULL,'2020-07-24 14:26:02',NULL,NULL),(12,'e','e10adc3949ba59abbe56e057f20f883e',NULL,NULL,NULL,NULL,NULL,NULL,NULL,NULL,NULL,NULL,NULL,NULL,NULL,'2020-07-24 14:30:41',NULL,NULL),(13,'q','c4ca4238a0b923820dcc509a6f75849b',NULL,NULL,NULL,NULL,NULL,NULL,NULL,NULL,NULL,NULL,NULL,NULL,NULL,'2020-07-24 15:24:17',NULL,NULL),(14,'er','c4ca4238a0b923820dcc509a6f75849b',NULL,NULL,NULL,NULL,NULL,NULL,NULL,NULL,NULL,NULL,NULL,NULL,NULL,'2020-07-24 15:27:27',NULL,NULL),(15,'ert','c4ca4238a0b923820dcc509a6f75849b',NULL,NULL,NULL,NULL,NULL,NULL,NULL,NULL,NULL,NULL,NULL,NULL,NULL,'2020-07-24 15:30:13',NULL,NULL),(16,'qq','c4ca4238a0b923820dcc509a6f75849b',NULL,NULL,NULL,NULL,NULL,NULL,NULL,NULL,NULL,NULL,NULL,NULL,NULL,'2020-07-24 15:30:34',NULL,NULL),(17,'向云','e10adc3949ba59abbe56e057f20f883e',NULL,NULL,NULL,NULL,NULL,NULL,NULL,NULL,NULL,NULL,NULL,NULL,NULL,'2020-07-25 13:34:25',NULL,NULL),(18,'供应商','e10adc3949ba59abbe56e057f20f883e',NULL,NULL,NULL,NULL,NULL,NULL,NULL,NULL,NULL,NULL,NULL,NULL,NULL,'2020-08-18 11:09:41',NULL,NULL),(19,'谭波','e10adc3949ba59abbe56e057f20f883e',NULL,NULL,NULL,NULL,NULL,NULL,NULL,NULL,NULL,NULL,NULL,NULL,NULL,'2020-11-30 16:21:57',NULL,NULL),(20,'xx','e10adc3949ba59abbe56e057f20f883e',NULL,NULL,NULL,NULL,NULL,NULL,NULL,NULL,NULL,NULL,NULL,NULL,NULL,'2020-11-30 16:22:14',NULL,NULL);

UNLOCK TABLES;

/*Table structure for table `manpower` */

DROP TABLE IF EXISTS `manpower`;

CREATE TABLE `manpower` (
  `id` int(11) NOT NULL AUTO_INCREMENT,
  `creator` int(11) NOT NULL COMMENT '谁招聘的',
  `name` varchar(20) NOT NULL COMMENT '姓名',
  `idCard` varchar(18) NOT NULL COMMENT '身份证号',
  `myselfCellphone` varchar(11) NOT NULL COMMENT '本人联系电话',
  `academicDegree` tinyint(4) DEFAULT NULL COMMENT '学历',
  `residence` varchar(100) DEFAULT NULL COMMENT '现居住地',
  `emergencyContactPerson` varchar(20) DEFAULT NULL COMMENT '紧急联络人',
  `sex` tinyint(4) NOT NULL COMMENT '性别',
  `emergencyContactPersonRelation` tinyint(4) DEFAULT NULL COMMENT '紧急联络人关系',
  `emergencyContactPersonCellphone` varchar(11) DEFAULT NULL COMMENT '紧急联络人电话',
  `referrer` varchar(20) DEFAULT NULL COMMENT '推荐人姓名',
  `company` varchar(40) DEFAULT NULL COMMENT '面试企业',
  `entry` date DEFAULT NULL COMMENT '入职时间',
  `writeTime` date DEFAULT NULL COMMENT '填写时间',
  PRIMARY KEY (`id`)
) ENGINE=InnoDB AUTO_INCREMENT=26 DEFAULT CHARSET=utf8;

/*Data for the table `manpower` */

LOCK TABLES `manpower` WRITE;

insert  into `manpower`(`id`,`creator`,`name`,`idCard`,`myselfCellphone`,`academicDegree`,`residence`,`emergencyContactPerson`,`sex`,`emergencyContactPersonRelation`,`emergencyContactPersonCellphone`,`referrer`,`company`,`entry`,`writeTime`) values (3,3,'王朝锐','500241199884354434','13233333333',1,'重庆市巴兰区','学习',1,4,'13333333333','龙章铭','北京','2020-07-06','2020-07-06'),(6,3,'龙舒文','500232144432343324','13244332432',4,'中国','二狗',1,0,'13244332343','二狗','成都京东','2020-07-06','2020-07-06'),(10,1,'龙章','500241199903248723','13234334543',1,'重庆市秀山县','龙华旺',1,4,'13245445564','二狗','旭硕','2020-07-15','2020-07-15'),(12,2,'搜狗翻译','500241199902322233','13244323343',1,'重庆市秀山县','二狗',1,6,'13244323343','待定','成都京东方','2020-07-15','2020-07-15'),(13,2,'人员填写','500241199402237723','13244444444',1,'成都市','二狗',0,6,'13222222222','二狗','成都京东方','2020-07-17','2020-07-15'),(14,1,'龙章铭','500241199902082134','13244333435',2,'重庆市秀山县','龙湖',1,4,'13244332323','二狗','成都京东方','2020-07-15','2020-07-15'),(15,1,'站于','500241199902072312','13244323342',1,'重庆市秀山县','二狗',1,4,'13455434456','二狗','成都京东方','2020-07-15','2020-07-16'),(16,1,'员工','500241199902053421','13433433243',2,'重庆市秀山县','龙华旺',1,4,'13433434435','二狗','成都京东方','2020-08-15','2020-07-16'),(17,1,'待定','500241199502044325','13243234434',2,'重庆市秀山县','龙',1,4,'13244323344','二狗','成都京','2020-08-16','2020-07-17'),(19,1,'蒋金才','500241200109231132','13244334435',2,'重庆市渝北区','蒋XX',1,4,'13244545543','二狗','旭硕','2020-08-25','2020-07-23'),(20,17,'龙章铭','500241199902082134','13244323345',2,'重庆市渝北区','龙华旺',1,4,'13244323345','二狗','旭硕x','2020-07-28','2020-07-25'),(21,2,'聂浩宇','500241199902053345','13244534564',3,'','',1,NULL,'13455676756','二狗','成都京东方','2020-08-13','2020-08-11'),(22,2,'二狗','500245500094565456','13244545564',2,'','恶狗',1,4,'13244545565','粤北','成都京东q','2020-08-12','2020-08-11'),(23,2,'其他系统','500241133343454567','13233434454',1,'','二狗',1,3,'13244534456','二狗','搜狗','2020-08-22','2020-08-25'),(24,2,'向黎亮','500241199708235427','13244345564',2,'重庆市渝北区木耳镇','二狗',1,4,'13244534456','zhang','翊宝','2020-11-03','2020-11-20'),(25,2,'龙章铭','500241199902082138','13233234432',2,'重庆市秀山县','二狗',1,4,'13244545565','陈二狗','翊宝','2020-11-22','2020-11-22');

UNLOCK TABLES;

/*!40101 SET SQL_MODE=@OLD_SQL_MODE */;
/*!40014 SET FOREIGN_KEY_CHECKS=@OLD_FOREIGN_KEY_CHECKS */;
/*!40014 SET UNIQUE_CHECKS=@OLD_UNIQUE_CHECKS */;
/*!40111 SET SQL_NOTES=@OLD_SQL_NOTES */;
